id_atto;file_name;ocr;testo_completo_llm;golden_label;testo_ml
118;atto_118.pdf;1;Citta di Ciampino STATUTO COMUNALE Approvato con atto di C.C.n.9 del21.01.2000 Successivamentemodificatoconiseguentiatti: C.C.n.14del16.02.2000 C.C. n.43 del 16.07.2001 C.C.n.52 del 20.07.2001 C.C.n.45del28.03.2006 C.C. n.86 del 12.10.2006 C.C.n.41 del 05.06.2008 C.C.n.74 del 24.09.2008 C.C. n.45 del 18.03.2010 C.C.n.30 del 13.05.2021 e n.41 del 14.05.2021 TITOLO I PRINCIPIGENERALI art. 1 Autonomia Statutaria 1) Il Comune di Ciampino è un Ente Locale Autonomo, rappresenta la propria comunità, ne cura gli interessi e ne promuove lo sviluppo. 2) Si avvale della sua autonomia, nel rispetto della Costituzione e dei principi generali dell'ordinamento, per lo svolgimento di funzioni proprie e delle funzioni attribuite o delegate;Statuto;citta di ciampino statuto comunale approvato con atto di c c n 9 del21 01 2000 successivamentemodificatoconiseguentiatti c c n 14del16 02 2000 c c n 43 del 16 07 2001 c c n 52 del 20 07 2001 c c n 45del28 03 2006 c c n 86 del 12 10 2006 c c n 41 del 05 06 2008 c c n 74 del 24 09 2008 c c n 45 del 18 03 2010 c c n 30 del 13 05 2021 e n 41 del 14 05 2021 titolo i principigenerali art 1 autonomia statutaria 1 il comune di ciampino un ente locale autonomo rappresenta la propria comunit ne cura gli interessi e ne promuove lo sviluppo 2 si avvale della sua autonomia nel rispetto della costituzione e dei principi generali dell ordinamento per lo svolgimento di funzioni proprie e delle funzioni attribuite o delegate
94;atto_94.pdf;0;"STATUTO del COMUNE di FORLI' CENNI STORICI In applicazione della Legge 8 giugno 1990, n. 142, lo Statuto è stato approvato con deliberazione consiliare n.106/25770 del 13 giugno 1991. Successivamente, a seguito di richiesta di chiarimenti da parte del Comitato Regionale di Controllo di Bologna n. 4869 del 22.7.1991, con deliberazione consiliare 166/38003 del 27.9.1991, annullata parzialmente dall'Organo di controllo nella seduta del 5.11.1991 sub. n.7090. Successivamente le norme statutarie sono state: Adeguate al disposto delle Leggi 25 marzo 1993 n. 81 e 15 ottobre 1993 n. 415, con deliberazione consiliare n. 54/6227 del 6 febbraio 1995, annullata parzialmente dal Comitato Regionale di Controllo di Bologna nella seduta del 28.3.1995 sub n. 10512. Approvate, in adeguamento alle disposizioni legislative vigenti (Leggi 15 marzo 1997, n. 59; 15 giugno 1997, n. 127; 3 agosto 19";Statuto;statuto del comune di forli cenni storici in applicazione della legge 8 giugno 1990 n 142 lo statuto stato approvato con deliberazione consiliare n 106 25770 del 13 giugno 1991 successivamente a seguito di richiesta di chiarimenti da parte del comitato regionale di controllo di bologna n 4869 del 22 7 1991 con deliberazione consiliare 166 38003 del 27 9 1991 annullata parzialmente dall organo di controllo nella seduta del 5 11 1991 sub n 7090 successivamente le norme statutarie sono state adeguate al disposto delle leggi 25 marzo 1993 n 81 e 15 ottobre 1993 n 415 con deliberazione consiliare n 54 6227 del 6 febbraio 1995 annullata parzialmente dal comitato regionale di controllo di bologna nella seduta del 28 3 1995 sub n 10512 approvate in adeguamento alle disposizioni legislative vigenti leggi 15 marzo 1997 n 59 15 giugno 1997 n 127 3 agosto 19
50;atto_50.pdf;1;"COMANDOPOLIZIAMUNICIPALEROCCARAINOLA Tel.-081-5118445 vigili@comune.roccarainola.na.it comandovigili.roccarainola@pec.it ORDINANZA N. 48 DEL 30.10.2024 Prot. n. 1476 /P.M. II Responsabile del Servizio di Polizia Municipale VISTO: · l'art. 107 del D.Lgs 18.8.2000 n. 267, che disciplina le funzioni e le responsabilità della dirigenza; · l'art. 109 del D.Lgs 18.8.2000 n. 267, che stabilisce che nei comuni privi di personale di qualifica dirigenziale le funzioni di cui all'articolo 107, commi 2 e 3, fatta salvezza dell'articolo 97, comma 4, lettera d), possono essere attribuite, a seguito di provvedimento motivato del sindaco, ai responsabili degli uffici o dei servizi, indipendentemente dalla loro qualifica funzionale, anche in deroga a ogni diversa disposizione; · il Decreto Sindacale prot. n. 2258 del 01.10.2024, con cui il sottoscritto è stato nominato Responsabile del Servizio di Polizia Locale, conferendogli la titolarità della Posizione Organizzativa.";Ordinanza;comandopoliziamunicipaleroccarainola tel 081 5118445 vigili comune roccarainola na it comandovigili roccarainola pec it ordinanza n 48 del 30 10 2024 prot n 1476 p m ii responsabile del servizio di polizia municipale visto l art 107 del d lgs 18 8 2000 n 267 che disciplina le funzioni e le responsabilit della dirigenza l art 109 del d lgs 18 8 2000 n 267 che stabilisce che nei comuni privi di personale di qualifica dirigenziale le funzioni di cui all articolo 107 commi 2 e 3 fatta salvezza dell articolo 97 comma 4 lettera d possono essere attribuite a seguito di provvedimento motivato del sindaco ai responsabili degli uffici o dei servizi indipendentemente dalla loro qualifica funzionale anche in deroga a ogni diversa disposizione il decreto sindacale prot n 2258 del 01 10 2024 con cui il sottoscritto stato nominato responsabile del servizio di polizia locale conferendogli la titolarit della posizione organizzativa
2;atto_2 .pdf;1;"CITTA DI LECCE DecretoSindacale N.7 Data di registrazione: 31/03/2026 OGGETTO: NOMINARE RESPONSABILE DELLA PROTEZIONE DEI DATI - D.P.O. IL SINDACO Premesso che: in riferimento al Decreto 2016 relativo alla ""Protezione delle persone fisiche con riguardo al trattamento dei dati personali, nonché alla libera circolazione di tali dati"", c.d. GDPR ""General Data Protection Regulation""; si richiamano le novita introdotte dal GDPR, in particolare l'adozione di politiche che tengano in considerazione il rischio costante che un determinato trattamento di dati personali possa comportare per i diritti e le liberta degli interessati, e il principio chiave del cosiddetto <Privacy by design>, ossia la garanzia della protezione dei dati fin dalla fase di ideazione e progettazione di un trattamento o di un sistema.";Decreto;citta di lecce decretosindacale n 7 data di registrazione 31 03 2026 oggetto nominare responsabile della protezione dei dati d p o il sindaco premesso che in riferimento al decreto 2016 relativo alla protezione delle persone fisiche con riguardo al trattamento dei dati personali nonch alla libera circolazione di tali dati c d gdpr general data protection regulation si richiamano le novita introdotte dal gdpr in particolare l adozione di politiche che tengano in considerazione il rischio costante che un determinato trattamento di dati personali possa comportare per i diritti e le liberta degli interessati e il principio chiave del cosiddetto privacy by design ossia la garanzia della protezione dei dati fin dalla fase di ideazione e progettazione di un trattamento o di un sistema
93;atto_93.pdf;0;"CITTÀ di SCAFATI PROVINCIA di SALERNO STATUTO COMUNALE Modificato con deliberazione di Consiglio Comunale n. 30 del 29.06.2010 Modificato con deliberazione di Consiglio Comunale n. 106 del 15.12.2021 TITOLO I PRINCIPI FONDAMENTALI E PROGRAMMATICI CAPO I Disposizioni Generali Art. 1 IL COMUNE Il Comune di Scafati è ente locale autonomo nell’ambito dei principi fissati dalle leggi generali della Repubblica e dal presente Statuto; Il Comune rappresenta e cura gli interessi della propria comunità, ne promuove lo sviluppo e garantisce l’effettiva partecipazione di tutti i cittadini/e, singoli od associati, all’organizzazione politica, economica, sociale e culturale della comunità; Il Comune è ripartizione territoriale della Repubblica e sede del decentramento dei servizi e degli Uffici dello Stato e della Regione; Il Comune è dotato di autonomia statutaria e finanziaria nell’ambito delle leggi e del coordinamento della finanza pubblica; Il Comune è titolare di funzioni proprie.";Statuto;citt di scafati provincia di salerno statuto comunale modificato con deliberazione di consiglio comunale n 30 del 29 06 2010 modificato con deliberazione di consiglio comunale n 106 del 15 12 2021 titolo i principi fondamentali e programmatici capo i disposizioni generali art 1 il comune il comune di scafati ente locale autonomo nell ambito dei principi fissati dalle leggi generali della repubblica e dal presente statuto il comune rappresenta e cura gli interessi della propria comunit ne promuove lo sviluppo e garantisce l effettiva partecipazione di tutti i cittadini e singoli od associati all organizzazione politica economica sociale e culturale della comunit il comune ripartizione territoriale della repubblica e sede del decentramento dei servizi e degli uffici dello stato e della regione il comune dotato di autonomia statutaria e finanziaria nell ambito delle leggi e del coordinamento della finanza pubblica il comune titolare di funzioni proprie
56;atto_56.pdf;0;Processo verbale delle deliberazioni del Consiglio Comunale Seduta del 21/05/2026 – delibera n. 31 OGGETTO: AGGIORNAMENTO AL DOCUMENTO UNICO DI PROGRAMMAZIONE (DUP) 2026-2029 L'anno (2026), il mese di Maggio, il giorno ventuno, si è adunato il Consiglio Comunale, in seduta pubblica di prima convocazione, previo avviso scritto notificato in tempo utile ai consiglieri. Presiede il cons. Filippo Rossini - Presidente del Consiglio Comunale. Assiste il Segretario Generale Marco Mordenti. Risultano presenti i Consiglieri: LATTUCA ENZO, MONTI FEDERICA, P BERTI PIERO, P PARISE DENIS P BIGUZZI FRANCESCO P PELLEGRINI NICHOLAS P BONDANINI LARA P PEZZI FABIO P CASALI MARCO P PIRACCINI IVAN P CASTAGNOLI ENRICO A ROSSI FRANCESCO P CENSI DAMIANO P ROSSINI FILIPPO P CEREDI GIANNI A SIROTTI GAUDENZI ENRICO P DE LUCA MARCO ROCCO P STRINATI ARMANDO A FANTINI MARCO P TOMBETTI FRANCESCA P GIANGRANDI MARCO A VALLETTA VITTORIO P GIORGINI KATUSCIA P VERGAGLIA ANDREA P;DeliberaConsiglio;processo verbale delle deliberazioni del consiglio comunale seduta del 21 05 2026 delibera n 31 oggetto aggiornamento al documento unico di programmazione dup 2026 2029 l anno 2026 il mese di maggio il giorno ventuno si adunato il consiglio comunale in seduta pubblica di prima convocazione previo avviso scritto notificato in tempo utile ai consiglieri presiede il cons filippo rossini presidente del consiglio comunale assiste il segretario generale marco mordenti risultano presenti i consiglieri lattuca enzo monti federica p berti piero p parise denis p biguzzi francesco p pellegrini nicholas p bondanini lara p pezzi fabio p casali marco p piraccini ivan p castagnoli enrico a rossi francesco p censi damiano p rossini filippo p ceredi gianni a sirotti gaudenzi enrico p de luca marco rocco p strinati armando a fantini marco p tombetti francesca p giangrandi marco a valletta vittorio p giorgini katuscia p vergaglia andrea p
47;atto_47.pdf;1;"COMUNE DIPOZZUOLI PROVINCIADINAPOLI **PROPOSTA di deliberazioneN...** del Estratto delle Deliberazioni di Consiglio Comunale - Delibera N. 221 degli impianti sportivi - delibera di G.C. n. 163 Del 30/11/2016; L'anno duemilasedici, il giorno ventisette del mese di Dicembre, nella Casa Comunale, e precisamente nella sala delle adunanze municipali, si é riunito il Consiglio Comunale in seduta Pubblica. Premesso che a ciascun Consigliere e stato notificato l'avviso di convocazione pubblicato all'Albo Pretorio del Comune, risulta che sono presenti i seguenti Consiglieri in carica: FIGLIOLIA Vincenzo (SINDACO) LUONGO Michelangelo BIFULCO Vincenzo MAIONE Salvatore BUONO Elio MANZONI Luigi CAIAZZO Salvatore MONACO Filippo COSSIGA Sandro ORSI Maurizio CUTOLO Mario Massimiliano PENNACCHIO Domenico POLLICE Tommaso Gennaro";DeliberaConsiglio;comune dipozzuoli provinciadinapoli proposta di deliberazionen del estratto delle deliberazioni di consiglio comunale delibera n 221 degli impianti sportivi delibera di g c n 163 del 30 11 2016 l anno duemilasedici il giorno ventisette del mese di dicembre nella casa comunale e precisamente nella sala delle adunanze municipali si riunito il consiglio comunale in seduta pubblica premesso che a ciascun consigliere e stato notificato l avviso di convocazione pubblicato all albo pretorio del comune risulta che sono presenti i seguenti consiglieri in carica figliolia vincenzo sindaco luongo michelangelo bifulco vincenzo maione salvatore buono elio manzoni luigi caiazzo salvatore monaco filippo cossiga sandro orsi maurizio cutolo mario massimiliano pennacchio domenico pollice tommaso gennaro
108;atto_108.pdf;0;DETERMINAZIONE DIRIGENZIALE N. 586 DEL 25/05/2026 Unità proponente: SETTORE TRANSIZIONE ECOLOGICA ECONOMIA CIRCOLARE DIPARTIMENTO PER LA TRANSIZIONE ECOLOGICA ED ENERGETICA, ECONOMIA CIRCOLARE, BIODIVERSITA' E PAESAGGIO VALORIZZAZIONE SOSTENIBILE DEL PATRIMONIO PUBBLICO COMUNALE Oggetto: ASSUNZIONE DI IMPEGNO DI SPESA PER UN TOTALE LORDO PARI A EURO 1.456.826,44 PER LA LIQUIDAZIONE FATTURA N. 2026VN00168 DEL 29/04/2026 RELATIVA AL SECONDO BIMESTRE MARZO - APRILE 2026 SALVO CONGUAGLIO RIFERITA ALLA GESTIONE DEL SERVIZIO INTEGRATO DI IGIENE URBANA A FAVORE DI VALLE UMBRA SERVIZI S.P.A. La presente Determinazione viene pubblicata all'Albo Pretorio on-line del Comune di Spoleto. Città di Spoleto Piazza del Comune n. 1 – 06049 Spoleto (PG);Determina;determinazione dirigenziale n 586 del 25 05 2026 unit proponente settore transizione ecologica economia circolare dipartimento per la transizione ecologica ed energetica economia circolare biodiversita e paesaggio valorizzazione sostenibile del patrimonio pubblico comunale oggetto assunzione di impegno di spesa per un totale lordo pari a euro 1 456 826 44 per la liquidazione fattura n 2026vn00168 del 29 04 2026 relativa al secondo bimestre marzo aprile 2026 salvo conguaglio riferita alla gestione del servizio integrato di igiene urbana a favore di valle umbra servizi s p a la presente determinazione viene pubblicata all albo pretorio on line del comune di spoleto citt di spoleto piazza del comune n 1 06049 spoleto pg
66;atto_66.pdf;0;Comune di Jelsi Provincia di Campobasso DELIBERAZIONE DELLA GIUNTA MUNICIPALE N° 28 OGGETTO: Affidamento in gestione del campetto polifunzionale in località Parco del Cerro. Atto di Indirizzo. L’anno duemilaventisei, addì trenta, del mese di marzo, alle ore 13:30 nella sede comunale, si è riunita la Giunta Municipale convocata nelle forme di legge. Presiede l’adunanza il signor Mauri Egidio nella sua qualità di Sindaco. Mauri Egidio Sindaco P Paolucci Davide Vice Sindaco P Passarelli Andrea Assessore P presenti n. 3 e assenti n. 0 Partecipa il Segretario Dott.ssa Manes Maria incaricato della redazione del verbale. IL PRESIDENTE Constatato il numero legale degli intervenuti, dichiara aperta l’adunanza ed invita i presenti alla trattazione dell’argomento indicato in oggetto.;DeliberaGiunta;comune di jelsi provincia di campobasso deliberazione della giunta municipale n 28 oggetto affidamento in gestione del campetto polifunzionale in localit parco del cerro atto di indirizzo l anno duemilaventisei add trenta del mese di marzo alle ore 13 30 nella sede comunale si riunita la giunta municipale convocata nelle forme di legge presiede l adunanza il signor mauri egidio nella sua qualit di sindaco mauri egidio sindaco p paolucci davide vice sindaco p passarelli andrea assessore p presenti n 3 e assenti n 0 partecipa il segretario dott ssa manes maria incaricato della redazione del verbale il presidente constatato il numero legale degli intervenuti dichiara aperta l adunanza ed invita i presenti alla trattazione dell argomento indicato in oggetto
79;atto_79.pdf;1;"AQA CITTADINELLUTO COMUNEDIALA Provincia di Trento Piazza S.Giovanni 1-38061 ALA (TN) - C.F. 85000870221 www.comune.ala.tn.it pec: comune.ala.tn@legalmail.it SERVIZIO SEGRETERIA AFFARI GENERALI serv.gen@comune.ala.tn.it OGGETTO: Nomina componenti della giunta comunale ILSINDACO Visto il Codice degli Enti locali della Regione autonoma Trentino-AltoAdige approvato con Legge Regionale 3 maggio 2018 n. 2, ess. mm., ed in particolare: l'art.54 (Composizione della giunta comunale) che prevede che la giunta comunale si componga del sindaco, che la presiede, e di un numero di assessori che in comune con popolazione superiore a 3000 abitanti non può superare a 4 componenti; l'art.55 (Parità e accesso alla giunta comunale) che prevede che la giunta debba essere composta da rappresentanti di due generi e che la rappresentanza del genere minoritario debba essere garantita almeno proporzionalmente alla sua consistenza in consiglio comunale.";Decreto;aqa cittadinelluto comunediala provincia di trento piazza s giovanni 1 38061 ala tn c f 85000870221 www comune ala tn it pec comune ala tn legalmail it servizio segreteria affari generali serv gen comune ala tn it oggetto nomina componenti della giunta comunale ilsindaco visto il codice degli enti locali della regione autonoma trentino altoadige approvato con legge regionale 3 maggio 2018 n 2 ess mm ed in particolare l art 54 composizione della giunta comunale che prevede che la giunta comunale si componga del sindaco che la presiede e di un numero di assessori che in comune con popolazione superiore a 3000 abitanti non pu superare a 4 componenti l art 55 parit e accesso alla giunta comunale che prevede che la giunta debba essere composta da rappresentanti di due generi e che la rappresentanza del genere minoritario debba essere garantita almeno proporzionalmente alla sua consistenza in consiglio comunale
101;atto_101.pdf;0;COMUNE DI BOLOGNA Collettivo Decentrato Integrativo per il personale con Contratto Scuola per la Scuola dell’infanzia e per l’Area del diritto allo studio e dell’integrazione scuola territorio Quadriennio normativo 2006-2009 e definizione della parte economica per gli anni scolastici 2007-2008 / 2008-2009. A seguito del parere favorevole, relativo alla compatibilità dei costi con i vincoli di bilancio, espresso dal Consiglio dei Revisori dei Conti in data 26/05/2008 sul testo dell’ipotesi di contratto collettivo decentrato integrativo, sottoscritta in data 23/05/2008 dall’Amministrazione comunale, dalle RSU e dalle Organizzazioni Sindacali territoriali CGIL FP, CISL FPS e UIL FPL, nonché a seguito dell’autorizzazione al Direttore Generale, avv. Marcello Napoli, in qualità di Presidente della Delegazione trattante del Comune di Bologna, alla sottoscrizione del contratto collettivo decentrato integrativo (disposizione del Sindaco PG n.;AccordoSindacale;comune di bologna collettivo decentrato integrativo per il personale con contratto scuola per la scuola dell infanzia e per l area del diritto allo studio e dell integrazione scuola territorio quadriennio normativo 2006 2009 e definizione della parte economica per gli anni scolastici 2007 2008 2008 2009 a seguito del parere favorevole relativo alla compatibilit dei costi con i vincoli di bilancio espresso dal consiglio dei revisori dei conti in data 26 05 2008 sul testo dell ipotesi di contratto collettivo decentrato integrativo sottoscritta in data 23 05 2008 dall amministrazione comunale dalle rsu e dalle organizzazioni sindacali territoriali cgil fp cisl fps e uil fpl nonch a seguito dell autorizzazione al direttore generale avv marcello napoli in qualit di presidente della delegazione trattante del comune di bologna alla sottoscrizione del contratto collettivo decentrato integrativo disposizione del sindaco pg n
59;atto_59.pdf;1;"COMUNEDI VOLLA Protocollo N.0039483 De! ENTRATA COMUNEDIVOLLA Giuliano di Costanz0 CittaMetropolitanadiNapoli Via AldoMoro,1 DECRETODELSINDACO n.36 del30/12/2025 PERSONALE"". ILSINDACO Premesso che: con Deliberazione di Giunta Comunale n.9 del 25/01/2019, come modificata successivamente, si sono potenziati i poteri della Giunta, n.1 del 9/1/2025, e si è proceduto alla rideterminazione della struttura organizzativa dell'Ente; con Verbali di Deliberazione del Commissario Straordinario con i poteri della Giunta n.20 del 30/04/2025 è stata approvata una modifica della struttura organizzativa di questo Ente che prevede i seguenti settori: 1 SETTORE: AFFARI GENERALI, DEMOGRAFICI, ELETTORALE. 2 SETTORE: POLITICHE SOCIALI, SCOLASTICO, CULTURA, SPORT E TEMPO LIBERO - AREE ATTREZZATE. 3° SETTORE: ECONOMICO-FINANZIARIO, PERSONALE. 4° SETTORE: URBANISTICA 5° SETTORE: LAVORI PUBBLICI 6° SETTORE: POLIZIALE LOCALE 7° SETTORE: CONTENZIOSO. Visto il CCNL";Decreto;comunedi volla protocollo n 0039483 de entrata comunedivolla giuliano di costanz0 cittametropolitanadinapoli via aldomoro 1 decretodelsindaco n 36 del30 12 2025 personale ilsindaco premesso che con deliberazione di giunta comunale n 9 del 25 01 2019 come modificata successivamente si sono potenziati i poteri della giunta n 1 del 9 1 2025 e si proceduto alla rideterminazione della struttura organizzativa dell ente con verbali di deliberazione del commissario straordinario con i poteri della giunta n 20 del 30 04 2025 stata approvata una modifica della struttura organizzativa di questo ente che prevede i seguenti settori 1 settore affari generali demografici elettorale 2 settore politiche sociali scolastico cultura sport e tempo libero aree attrezzate 3 settore economico finanziario personale 4 settore urbanistica 5 settore lavori pubblici 6 settore poliziale locale 7 settore contenzioso visto il ccnl
31;atto_31.pdf;0;"COMUNE DI FIRENZE PROVEDIMENTO DIRIGENZIALE Numero: 2007/DD/00024 Del : 18/01/2007 Esecutivo da: 19/01/2007 OGGETTO: Scuola materna Varlungo Dionisi – interventi di recupero edilizio e ristrutturazione per adegumento alle norme di sicurezza antincendio e di igiene con abbattimento barriere architettoniche. Impegno di spesa a favore della ditta S.E.F. SOCIETA' EDILE FIORENTINA S.R.L. IL DIRIGENTE Premesso: Visto l’allegato verbale di aggiudicazione in data 09.11.06 rep. 61216; Vista l’offerta dell’impresa aggiudicataria in data 03.11.06; Ritenuto pertanto di assumere con il presente atto i seguenti impegni di spesa: Dato atto della regolarità tecnica del presente provvedimento; Visto l’art. 183 del D.Lgs n 267/00; Visto l’art. 81 del vigente Statuto; Visto il vigente regolamento sui contratti.";Determina;comune di firenze provedimento dirigenziale numero 2007 dd 00024 del 18 01 2007 esecutivo da 19 01 2007 oggetto scuola materna varlungo dionisi interventi di recupero edilizio e ristrutturazione per adegumento alle norme di sicurezza antincendio e di igiene con abbattimento barriere architettoniche impegno di spesa a favore della ditta s e f societa edile fiorentina s r l il dirigente premesso visto l allegato verbale di aggiudicazione in data 09 11 06 rep 61216 vista l offerta dell impresa aggiudicataria in data 03 11 06 ritenuto pertanto di assumere con il presente atto i seguenti impegni di spesa dato atto della regolarit tecnica del presente provvedimento visto l art 183 del d lgs n 267 00 visto l art 81 del vigente statuto visto il vigente regolamento sui contratti
49;atto_49.pdf;1;COMUNEDI POZZUOLI (CITTA METROPOLITANA DI NAPOLI) REGOLAMENTO DL DISCIPLINA DELLE MODALITA’ DI RICEVIMENTO E PREVISTEDALLA LEGGE 22 DICEMBRE 2017, N. 219 Legge 22 dicembre 2017, n. 219 - Circolare Ministero dell'Interno n. 1/2018 del 08-02-2018 Esaminato ed approvato dalla Commissione Regolamenti e Statuto in data: Sebastiano Gianluca Presidente Caso Antonio Movimento Cinquestelle Cossiga Sandro Per Cambiare Daniele Vincenzo Partito Democratico De Simone Lydia Gruppo Misto Fenocchio Espedito Campania Libera Giacobbe Pasquale Forza Italia Scotto di Minico Tommaso Democrazia e Libertà Pastore Gennaro Uniti per Pozzuoli Postiglione Raffaele Pozzuoliora! Tozzi Paolo Verdi Villani Antonio Idea Pozzuoli INDICE Art. 1 - DEFINIZIONI Art. 2 - NATURA E SCOPO DEL REGISTRO Art. 3 - SOGGETTI LEGITTIMATI Art. 4 - ISTITUZIONE E CONTENUTI DEL REGISTRO Art. 5 - MODALITA’ DI REGISTRAZIONE E DI DEPOSITO Art. 6 - REVOCA, MODIF;Regolamento;comunedi pozzuoli citta metropolitana di napoli regolamento dl disciplina delle modalita di ricevimento e previstedalla legge 22 dicembre 2017 n 219 legge 22 dicembre 2017 n 219 circolare ministero dell interno n 1 2018 del 08 02 2018 esaminato ed approvato dalla commissione regolamenti e statuto in data sebastiano gianluca presidente caso antonio movimento cinquestelle cossiga sandro per cambiare daniele vincenzo partito democratico de simone lydia gruppo misto fenocchio espedito campania libera giacobbe pasquale forza italia scotto di minico tommaso democrazia e libert pastore gennaro uniti per pozzuoli postiglione raffaele pozzuoliora tozzi paolo verdi villani antonio idea pozzuoli indice art 1 definizioni art 2 natura e scopo del registro art 3 soggetti legittimati art 4 istituzione e contenuti del registro art 5 modalita di registrazione e di deposito art 6 revoca modif
90;atto_90.pdf;0;COMUNE DI GHIFFA PROVINCIA DEL VERBANO-CUSIO-OSSOLA REGOLAMENTO COMUNALE SULL’ORDINAMENTO GENERALE DEGLI UFFICI E DEI SERVIZI (Approvato con delibera G.C. n. 103 del 26.11.2019, modificato con delibera G.C. n. 49 del 27.07.2022) CAPO II - Struttura organizzativa TITOLO II ORGANIZZAZIONE - DETERMINAZIONE CAPO I - Procedimento amministrativo TITOLO III - GESTIONE DEL PERSONALE TITOLO IV - LE COLLABORAZIONI ESTERNE TITOLO V- ATTI DI ORGANIZZAZIONE;Regolamento;comune di ghiffa provincia del verbano cusio ossola regolamento comunale sull ordinamento generale degli uffici e dei servizi approvato con delibera g c n 103 del 26 11 2019 modificato con delibera g c n 49 del 27 07 2022 capo ii struttura organizzativa titolo ii organizzazione determinazione capo i procedimento amministrativo titolo iii gestione del personale titolo iv le collaborazioni esterne titolo v atti di organizzazione
48;atto_48.pdf;0;"CITTA’ DI PORTO RECANATI Provincia di Macerata Registro Generale n. 48 ORDINANZA POLIZIA MUNICIPALE N. 48 DEL 26-05-2026 Oggetto: PROVVEDIMENTI TEMPORANEI DI MODIFICA ALLA VIABILITÀ, INTERDIZIONE ALLA CIRCOLAZIONE E DIVIETO DI SOSTA CON RIMOZIONE FORZATA IN CORSO MATTEOTTI PER LO SVOLGIMENTO DELLA MANIFESTAZIONE “IL PORTO DEI BAMBINI” DEL 31 MAGGIO 2026 IL FUNZIONARIO RESPONSABILE VISTA la deliberazione della Giunta Comunale n. 97 del 18/05/2026, con cui è stato concesso il patrocinio oneroso alla Società “Marche Magiche impresa sociale S.r.l.” per l’evento “Il Porto dei Bambini” del 31 maggio 2026, prevedendo la chiusura al traffico dell’area dalle ore 08:00 alle ore 20:00; PRESO ATTO che l’area dell’evento è individuata nel tratto di Corso Matteotti compreso tra Via Don Minzoni e Via XXIV Maggio, con svolgimento delle attività dalle ore 11:00 alle ore 19:00 del medesimo giorno.";Ordinanza;citta di porto recanati provincia di macerata registro generale n 48 ordinanza polizia municipale n 48 del 26 05 2026 oggetto provvedimenti temporanei di modifica alla viabilit interdizione alla circolazione e divieto di sosta con rimozione forzata in corso matteotti per lo svolgimento della manifestazione il porto dei bambini del 31 maggio 2026 il funzionario responsabile vista la deliberazione della giunta comunale n 97 del 18 05 2026 con cui stato concesso il patrocinio oneroso alla societ marche magiche impresa sociale s r l per l evento il porto dei bambini del 31 maggio 2026 prevedendo la chiusura al traffico dell area dalle ore 08 00 alle ore 20 00 preso atto che l area dell evento individuata nel tratto di corso matteotti compreso tra via don minzoni e via xxiv maggio con svolgimento delle attivit dalle ore 11 00 alle ore 19 00 del medesimo giorno
83;atto_83.pdf;0;SETTORE III LAVORI PUBBLICI ORDINANZA N. 83 DEL 26/05/2026 OGGETTO: ISTITUZIONE TEMPORANEA DEL DIVIETO DI SOSTA, CON RIMOZIONE DEL VEICOLO, IN PIAZZETTA DEI STORTI, NEL CAPOLUOGO, PER IL GIORNO 28.05.2026, DALLA ORE 07:00 ALLE ORE 13:00. IL RESPONSABILE DEL SERVIZIO PREMESSO che il Settore I – Affari Generali, Segreteria, Patrimonio e Risorse Umane di questo Ente ha comunicato che il giorno 28.05.2026 procederà allo scarto e alla successiva distruzione di parte della documentazione cartacea presente presso l’Ex Tribunale, ubicata ai piani I e II dell’immobile, mediante intervento affidato ad apposita ditta specializzata e certificata per il servizio di distruzione documentale.;Ordinanza;settore iii lavori pubblici ordinanza n 83 del 26 05 2026 oggetto istituzione temporanea del divieto di sosta con rimozione del veicolo in piazzetta dei storti nel capoluogo per il giorno 28 05 2026 dalla ore 07 00 alle ore 13 00 il responsabile del servizio premesso che il settore i affari generali segreteria patrimonio e risorse umane di questo ente ha comunicato che il giorno 28 05 2026 proceder allo scarto e alla successiva distruzione di parte della documentazione cartacea presente presso l ex tribunale ubicata ai piani i e ii dell immobile mediante intervento affidato ad apposita ditta specializzata e certificata per il servizio di distruzione documentale
78;atto_78.pdf;0;CITTÀ DI ISERNIA Medaglia d’Oro VERBALE DI DELIBERAZIONE DI CONSIGLIO COMUNALE Numero 35 del 16/04/2026 OGGETTO: MOZIONE: Revisione della disciplina sull'origine doganale dei prodotti agricoli e alimentari. L'anno duemilaventisei il giorno sedici del mese di Aprile alle ore 18:30, nella solita sala delle adunanze consiliari del comune, risultano presenti i seguenti consiglieri: CASTRATARO PIERO, BOTTIGLIERI COSMO, SARDELLI SERGIO, FERRI SARA, PAOLINO NICOLINO, BATTISTA SARA, OLIVIERI GABRIELE, FABRIZIO RAIMONDO, MONTAQUILA MARILENA, DALL'OLIO LINDA, FAVA PAOLO, PIETRANGELO CESARE, ANGELONE MARIALUISA, DI PERNA PIETRO PAOLO, KNIAHYNICKI EUGENIO, APPUGLIESE ROSANNA, CEFALOGLI FABIO, CHIACCHIARI DOMENICO.;DeliberaConsiglio;citt di isernia medaglia d oro verbale di deliberazione di consiglio comunale numero 35 del 16 04 2026 oggetto mozione revisione della disciplina sull origine doganale dei prodotti agricoli e alimentari l anno duemilaventisei il giorno sedici del mese di aprile alle ore 18 30 nella solita sala delle adunanze consiliari del comune risultano presenti i seguenti consiglieri castrataro piero bottiglieri cosmo sardelli sergio ferri sara paolino nicolino battista sara olivieri gabriele fabrizio raimondo montaquila marilena dall olio linda fava paolo pietrangelo cesare angelone marialuisa di perna pietro paolo kniahynicki eugenio appugliese rosanna cefalogli fabio chiacchiari domenico
62;atto_62.pdf;1;"Cremona COMUNEDICREMONA il 27 maggio 2022 Valutazione. ILSEGRETARIOGENERALE Enti Locali”; richiamato il D.Lgs. 30 marzo 2001, n. 165: “Norme generali sull’ordinamento del lavoro alle dipendenze delle Amministrazioni pubbliche”; richiamato il D.Lgs. 27 ottobre 2009, n. 150: “Attuazione della legge 4 marzo 2009, n. 15, in materia di ottimizzazione della produttività del lavoro pubblico e di efficienza e trasparenza delle pubbliche amministrazioni”; preso atto dei contenuti del Regolamento sull’Ordinamento Generale degli Uffici e dei Servizi; richiamato il decreto sindacale n. 71931 del 4 ottobre 2021, con cui è stato nominato il Nucleo di Valutazione dell’ente, così composto: Dott.ssa Gabriella Di Girolamo - Presidente,";Decreto;cremona comunedicremona il 27 maggio 2022 valutazione ilsegretariogenerale enti locali richiamato il d lgs 30 marzo 2001 n 165 norme generali sull ordinamento del lavoro alle dipendenze delle amministrazioni pubbliche richiamato il d lgs 27 ottobre 2009 n 150 attuazione della legge 4 marzo 2009 n 15 in materia di ottimizzazione della produttivit del lavoro pubblico e di efficienza e trasparenza delle pubbliche amministrazioni preso atto dei contenuti del regolamento sull ordinamento generale degli uffici e dei servizi richiamato il decreto sindacale n 71931 del 4 ottobre 2021 con cui stato nominato il nucleo di valutazione dell ente cos composto dott ssa gabriella di girolamo presidente
16;atto_16.pdf;0;Città di Campobasso Deliberazione della Giunta Comunale Deliberazione N. 100 Oggetto: Installazione luminarie decorative al centro storico. Determinazioni. L’anno duemilaventisei il giorno ventinove del mese di aprile alle ore 12:50 in Campobasso, nella Sede Comunale. A seguito della convocazione disposta dalla Sindaca Marialuisa Forte si è riunita la Giunta Comunale nelle persone dei Signori: Forte Marialuisa Sindaca Chierchia Bibiana Assessore Cretella Simone Assessore (in videoconferenza) Maio Mimmo Assessore (in videoconferenza) Trivisonno Giuseppe Vice Sindaco (in videoconferenza) Fraracci Adele Assessore Marcheggiani Angelo Assessore Panichella Giuseppina Assessore Bucci Raffaele Assessore (Assente) presenti num. 8 e assenti num. 1. Con la partecipazione del Segretario Generale del Comune Dirigente Anna Maria Guglielmi;DeliberaGiunta;citt di campobasso deliberazione della giunta comunale deliberazione n 100 oggetto installazione luminarie decorative al centro storico determinazioni l anno duemilaventisei il giorno ventinove del mese di aprile alle ore 12 50 in campobasso nella sede comunale a seguito della convocazione disposta dalla sindaca marialuisa forte si riunita la giunta comunale nelle persone dei signori forte marialuisa sindaca chierchia bibiana assessore cretella simone assessore in videoconferenza maio mimmo assessore in videoconferenza trivisonno giuseppe vice sindaco in videoconferenza fraracci adele assessore marcheggiani angelo assessore panichella giuseppina assessore bucci raffaele assessore assente presenti num 8 e assenti num 1 con la partecipazione del segretario generale del comune dirigente anna maria guglielmi
30;atto_30.pdf;0;"COMUNE DI FIRENZE PROVEDIMENTO DIRIGENZIALE Numero: 2007/DD/00037 Del : 02/02/2007 Esecutivo da: 12/02/2007 OGGETTO: Lavori di manutenzione ordinaria per riparazioni agli impianti idraulici, sanitari ed antincendio della scuola primaria e dell’infanzia Marconi via Mayer 5. Impegno di spesa a favore della ditta Termotecnica Picchiarini s.a.s. IL DIRETTORE Premesso che: Ritenuto, pertanto, di affidare i lavori di cui trattasi, tramite cottimo fiduciario, alla ditta Termotecnica Picchiarini in quanto ditta di fiducia dell’Amministrazione Comunale, avendo l’impresa in questione dichiarato di essere da subito disponibile ad eseguire i lavori ed avendo presentato un’offerta con un ribasso del 5% sui prezzi di capitolato; Vista l’offerta della ditta stessa presentata in data 04/12/06 da ritenersi economicamente congrua.";Determina;comune di firenze provedimento dirigenziale numero 2007 dd 00037 del 02 02 2007 esecutivo da 12 02 2007 oggetto lavori di manutenzione ordinaria per riparazioni agli impianti idraulici sanitari ed antincendio della scuola primaria e dell infanzia marconi via mayer 5 impegno di spesa a favore della ditta termotecnica picchiarini s a s il direttore premesso che ritenuto pertanto di affidare i lavori di cui trattasi tramite cottimo fiduciario alla ditta termotecnica picchiarini in quanto ditta di fiducia dell amministrazione comunale avendo l impresa in questione dichiarato di essere da subito disponibile ad eseguire i lavori ed avendo presentato un offerta con un ribasso del 5 sui prezzi di capitolato vista l offerta della ditta stessa presentata in data 04 12 06 da ritenersi economicamente congrua
37;atto_37.pdf;1;N.412 CITTÀ DI TORINO SERVIZIO CENTRALE DEL CONSIGLIO COMUNALE RACCOLTA DEI REGOLAMENTI MUNICIPALI REGOLAMENTO PER LA DISCIPOLINA DELLA VIDEOSORVEGLIANZA SUL TERRITORIO DEL COMUNE DI TORINO Approvato con deliberazione del Consiglio Comunale in data 17 dicembre 2024 (DEL 806/2024 e allegato), IE – esecutivo dal 31 dicembre 2024. INDICE CAPO I - DISPOSIZIONI GENERALI Articolo 1 - Oggetto Articolo 2 - Finalità e base giuridica Articolo 3 - Definizioni Articolo 4 - Principi applicabili al trattamento dei dati personali CAPO II - SOGGETTI Articolo 5 - Titolare Articolo 6 - Designato Articolo 7 - Incaricati Articolo 8 - Soggetti esterni CAPO III - TRATTAMENTO DEI DATI PERSONALI Articolo 9 - Modalità di raccolta dei dati Articolo 10 - Conservazione Articolo 11 - Misure di sicurezza Articolo 12 - Diritti degli interessati Articolo 13 - Violazione dei dati personali CAPO IV - DISPOSIZIONI SPECIFICHE Articolo 14 - Sistema integrato Pubblico/Privato Articolo 15 - Forme di partecipazione interistituzionale;Regolamento;n 412 citt di torino servizio centrale del consiglio comunale raccolta dei regolamenti municipali regolamento per la discipolina della videosorveglianza sul territorio del comune di torino approvato con deliberazione del consiglio comunale in data 17 dicembre 2024 del 806 2024 e allegato ie esecutivo dal 31 dicembre 2024 indice capo i disposizioni generali articolo 1 oggetto articolo 2 finalit e base giuridica articolo 3 definizioni articolo 4 principi applicabili al trattamento dei dati personali capo ii soggetti articolo 5 titolare articolo 6 designato articolo 7 incaricati articolo 8 soggetti esterni capo iii trattamento dei dati personali articolo 9 modalit di raccolta dei dati articolo 10 conservazione articolo 11 misure di sicurezza articolo 12 diritti degli interessati articolo 13 violazione dei dati personali capo iv disposizioni specifiche articolo 14 sistema integrato pubblico privato articolo 15 forme di partecipazione interistituzionale
102;atto_102.pdf;0;COMUNE DI CALVIZZANO (Città Metropolitana di Napoli) REGOLAMENTO PER L’EROGAZIONE DI AIUTI A CARATTERE STRAORDINARIO Approvato con deliberazione del Consiglio comunale in data 12.04.2023 n. 23 Art. 1 – Definizioni Ai fini della presente disciplina valgono le seguenti definizioni: Articolo 2 – Oggetto La presente disciplina definisce i criteri di accesso, di gestione e di erogazione di forme di sostegno straordinario ed “una tantum” che, nei limiti delle risorse di bilancio annualmente disponibili, il Comune può erogare al fine di ridurre o superare il temporaneo stato di bisogno economico – finanziario in cui persone singole o nuclei familiari possano trovarsi a causa di insufficienza del reddito e/o di mancanza di altre risorse economiche alternative, esclusivamente per far fronte a necessità di carattere eccezionale e indifferibile connesse al soddisfacimento di bisogni primari.;Regolamento;comune di calvizzano citt metropolitana di napoli regolamento per l erogazione di aiuti a carattere straordinario approvato con deliberazione del consiglio comunale in data 12 04 2023 n 23 art 1 definizioni ai fini della presente disciplina valgono le seguenti definizioni articolo 2 oggetto la presente disciplina definisce i criteri di accesso di gestione e di erogazione di forme di sostegno straordinario ed una tantum che nei limiti delle risorse di bilancio annualmente disponibili il comune pu erogare al fine di ridurre o superare il temporaneo stato di bisogno economico finanziario in cui persone singole o nuclei familiari possano trovarsi a causa di insufficienza del reddito e o di mancanza di altre risorse economiche alternative esclusivamente per far fronte a necessit di carattere eccezionale e indifferibile connesse al soddisfacimento di bisogni primari
125;atto_125.pdf;0;COMUNE DI MACERATA CAMPANIA Provincia di Caserta Via Umberto I, 47-81047 VERBALE DI DELIBERAZIONE DEL CONSIGLIO COMUNALE N. 8 DEL 31-03-2026 OGGETTO: INTERROGAZIONE CON RISPOSTA ORALE ACQUISITA AL PROTOCOLLO COMUNALE CON ATTO N. 3045 DEL 13 MARZO 2026. L'anno duemilaventisei il giorno trentuno del mese di marzo alle ore 19:30, nella sala delle adunanze consiliari, si è riunito il Consiglio Comunale in seduta Pubblica, in sessione Ordinaria, in Prima convocazione. Presiede la seduta Natale Carmela. Presenti: Di Matteo Giovanni Battista, Stellato Marinella, Nacca Antonietta, Nacca Pasqualino, Cipro Fabio, Morrone Angelo, Nacca Pasquale, Di Caprio Carla, Natale Carmela, Ventriglia Luisa, Stellato Girolamo, Evianto Melania, Cioffi Stefano Antonio, Aielo Lucia.;DeliberaConsiglio;comune di macerata campania provincia di caserta via umberto i 47 81047 verbale di deliberazione del consiglio comunale n 8 del 31 03 2026 oggetto interrogazione con risposta orale acquisita al protocollo comunale con atto n 3045 del 13 marzo 2026 l anno duemilaventisei il giorno trentuno del mese di marzo alle ore 19 30 nella sala delle adunanze consiliari si riunito il consiglio comunale in seduta pubblica in sessione ordinaria in prima convocazione presiede la seduta natale carmela presenti di matteo giovanni battista stellato marinella nacca antonietta nacca pasqualino cipro fabio morrone angelo nacca pasquale di caprio carla natale carmela ventriglia luisa stellato girolamo evianto melania cioffi stefano antonio aielo lucia
38;atto_38.pdf;0;ACCORDO DECENTRATO INTEGRATIVO SULLE MODALITA' DI UTILIZZO DELLE RISORSE DECENTRATE TRIENNIO 2023/2025 AREA NON DIRIGENTI Il giorno 29 dicembre 2023 nella sala Pignatiello, in Palazzo San Giacomo, previa regolare convocazione, viene sottoscritto il presente accordo sulla ripartizione delle risorse decentrate del Fondo 2023. Premessa La costituzione del fondo 2023 è avvenuta con la deliberazione di G.C. n. 498 del 14 dicembre 2023 con la quale, ai sensi del CCNL 2019/2021 Funzioni Locali, sono state quantificate le risorse complessive del fondo salario accessorio per il personale del comparto e, sulla base delle direttive e delle indicazioni fornite alla contrattazione, fissato l’importo a disposizione per il confronto tra la Parte Pubblica e la Parte Sindacale.;AccordoSindacale;accordo decentrato integrativo sulle modalita di utilizzo delle risorse decentrate triennio 2023 2025 area non dirigenti il giorno 29 dicembre 2023 nella sala pignatiello in palazzo san giacomo previa regolare convocazione viene sottoscritto il presente accordo sulla ripartizione delle risorse decentrate del fondo 2023 premessa la costituzione del fondo 2023 avvenuta con la deliberazione di g c n 498 del 14 dicembre 2023 con la quale ai sensi del ccnl 2019 2021 funzioni locali sono state quantificate le risorse complessive del fondo salario accessorio per il personale del comparto e sulla base delle direttive e delle indicazioni fornite alla contrattazione fissato l importo a disposizione per il confronto tra la parte pubblica e la parte sindacale
17;atto_17.pdf;0;"Città di Campobasso Deliberazione della Giunta Comunale Deliberazione N. 102 Oggetto: Modifica del Disciplinare Attuativo per i Servizi di Assistenza Socio-Sanitaria in favore delle persone in condizione di fragilità economica e sociale, nell'ambito del progetto ""Ambulatorio Solidale"". L’anno duemilaventisei il giorno ventinove del mese di aprile alle ore 12:50 in Campobasso, nella Sede Comunale. A seguito della convocazione disposta dalla Sindaca Marialuisa Forte si è riunita la Giunta Comunale nelle persone dei Signori: Forte Marialuisa Sindaca, Chierchia Bibiana Assessore, Cretella Simone Assessore, Trivisonno Giuseppe Vice Sindaco, Fraracci Adele Assessore, Marcheggiani Angelo Assessore, Panichella Giuseppina Assessore, Bucci Raffaele Assessore. presenti num. 9 e assenti num. 0.";DeliberaGiunta;citt di campobasso deliberazione della giunta comunale deliberazione n 102 oggetto modifica del disciplinare attuativo per i servizi di assistenza socio sanitaria in favore delle persone in condizione di fragilit economica e sociale nell ambito del progetto ambulatorio solidale l anno duemilaventisei il giorno ventinove del mese di aprile alle ore 12 50 in campobasso nella sede comunale a seguito della convocazione disposta dalla sindaca marialuisa forte si riunita la giunta comunale nelle persone dei signori forte marialuisa sindaca chierchia bibiana assessore cretella simone assessore trivisonno giuseppe vice sindaco fraracci adele assessore marcheggiani angelo assessore panichella giuseppina assessore bucci raffaele assessore presenti num 9 e assenti num 0
110;atto_110.pdf;0;"Unità proponente: UFFICIO RICOSTRUZIONE DEGLI EDIFICI PRIVATI 7 DIPARTIMENTO PER LA VALORIZZAZIONE DELLA RIGENERAZIONE IDENTITARIA URBANA, RURALE, PRODUTTIVA E DELLE INFRASTRUTTURE SOSTENIBILI Oggetto: ORDINANZA SINDACALE DI AGIBILITÀ A SEGUITO DEI LAVORI DEFINITIVI DI RIPARAZIONE DELL’UNITA’ STRUTTURALE CON ESITO B SITA IN SPOLETO, VIA GIUSTOLO N. 15 - F. 164 P. 1366 REVOCA ORDINANZA SINDACALE N. 216 DEL 20/02/2017; I L S I N D A C O PREMESSO CHE: – funzione censimento danni e agibilità post-evento: procedure operative ed indicazioni;";Ordinanza;unit proponente ufficio ricostruzione degli edifici privati 7 dipartimento per la valorizzazione della rigenerazione identitaria urbana rurale produttiva e delle infrastrutture sostenibili oggetto ordinanza sindacale di agibilit a seguito dei lavori definitivi di riparazione dell unita strutturale con esito b sita in spoleto via giustolo n 15 f 164 p 1366 revoca ordinanza sindacale n 216 del 20 02 2017 i l s i n d a c o premesso che funzione censimento danni e agibilit post evento procedure operative ed indicazioni
121;atto_121.pdf;1;COMUNE DI SEUI PROVINCIA SUD SARDEGNA ACCORDO DEFINITIVO CONTRATTACZIONE DECENTRATA INTEGRAZIONALE AZIENDALE PARTE ECONOMICA ANNO 2021 Via Della Sapienza n.38 - Seui Oggetto: Verbale di Accordo definitivo Contrattazione Decentrata Economica anno 2021 L'anno 2021, il giorno 22 del mese di dicembre alle ore 16,00 presso il Comune di Seui, si sono riunite la parte pubblica in presenza e la parte sindacale in videoconferenza, come di seguito: Parte Pubblica Presidente: Alessandro Gioffre Componente: Tiziana Podda Parte sindacale C.G.I.L.: Eugenio Meloni C.I.S.L.: U.I.L.: C.S.A.: R.S.U.: Riccardo Sulis Sul seguente ordine del giorno: 1. Sottoscrizione definitiva accordo di contrattazione economica per la destinazione delle risorse anno 2021. Vista la nota, prot. n. 8068 del 17.12.2021, di convocazione della Delegazione trattante di parte;AccordoSindacale;comune di seui provincia sud sardegna accordo definitivo contrattaczione decentrata integrazionale aziendale parte economica anno 2021 via della sapienza n 38 seui oggetto verbale di accordo definitivo contrattazione decentrata economica anno 2021 l anno 2021 il giorno 22 del mese di dicembre alle ore 16 00 presso il comune di seui si sono riunite la parte pubblica in presenza e la parte sindacale in videoconferenza come di seguito parte pubblica presidente alessandro gioffre componente tiziana podda parte sindacale c g i l eugenio meloni c i s l u i l c s a r s u riccardo sulis sul seguente ordine del giorno 1 sottoscrizione definitiva accordo di contrattazione economica per la destinazione delle risorse anno 2021 vista la nota prot n 8068 del 17 12 2021 di convocazione della delegazione trattante di parte
107;atto_107.pdf;0;"ACCORDO SINDACALE EX ART. 4 LEGGE 300/1970 PER INSTALLAZIONE DI UN IMPIANTO DI VIDEOSORVEGLIANZA PREMESSE TUTTO CIÒ PREMESSO le parti, come sopra indicate e autorizzate, convengono e pattuiscono quanto segue: PRINCIPI E PROVVEDIMENTO DEL GARANTE L’impianto di videosorveglianza va impiegato in conformità alle disposizioni di legge, dei provvedimenti del Garante per la protezione dei dati personali, e nel rispetto del principio di tutela della dignità e riservatezza dei lavoratori. In particolare, l'Amministrazione rispetta quanto stabilito dal Garante per la protezione dei dati personali nel ""Provvedimento generale sulla videosorveglianza nell’ambito del rapporto di lavoro"" dell’8 aprile 2010, con particolare riguardo al paragrafo 4.1, contenente disposizioni specifiche per la sorveglianza effettuata nell’ambito dei rapporti di lavoro.";AccordoSindacale;accordo sindacale ex art 4 legge 300 1970 per installazione di un impianto di videosorveglianza premesse tutto ci premesso le parti come sopra indicate e autorizzate convengono e pattuiscono quanto segue principi e provvedimento del garante l impianto di videosorveglianza va impiegato in conformit alle disposizioni di legge dei provvedimenti del garante per la protezione dei dati personali e nel rispetto del principio di tutela della dignit e riservatezza dei lavoratori in particolare l amministrazione rispetta quanto stabilito dal garante per la protezione dei dati personali nel provvedimento generale sulla videosorveglianza nell ambito del rapporto di lavoro dell 8 aprile 2010 con particolare riguardo al paragrafo 4 1 contenente disposizioni specifiche per la sorveglianza effettuata nell ambito dei rapporti di lavoro
9;atto_9.pdf;0;COMUNE DI FIRENZE PROVEDIMENTO DIRIGENZIALE Numero: 2009/DD/00016 Del : 16/01/2009 Esecutivo da: 16/01/2009 OGGETTO: CORSI SERALI COMUNALI E FORMAT - Liquidazione delle attività aggiuntive di insegnamento e non di insegnamento.;Determina;comune di firenze provedimento dirigenziale numero 2009 dd 00016 del 16 01 2009 esecutivo da 16 01 2009 oggetto corsi serali comunali e format liquidazione delle attivit aggiuntive di insegnamento e non di insegnamento
